<?xml version="1.0" encoding="UTF-8" ?>
<introContent>
  <!-- Extension to the SDK Migration Page. -->
  <extensionContent id="org.eclipse.platform" name="Eclipse Platform" alt-style="css/migrate.properties" style="css/migrate.css" path="migrate/@">
     <group id="content-group" style-id="content-group">
    	<link style-id="content-link" label="Eclipse Platform" url="http://org.eclipse.ui.intro/showHelpTopic?id=/org.eclipse.platform.doc.isv/porting/eclipse_4_13_porting_guide.html" id="platform">
      		<text>Eclipse Platform 4.13 Plug-in Migration Guide</text>
    	</link>
     </group>
  </extensionContent>
</introContent>
